cidade,latitude,longitude
ITAITUBA,-4.2625218,-55.9878139
SALVADOR,-12.9822499,-38.4812772
OURILÂNDIA DO NORTE,-6.748975,-51.0788476
NATAL,-5.805398,-35.2080905
PORTO ALEGRE,-30.0324999,-51.2303767
RIO DE JANEIRO,-22.9110137,-43.2093727
CONFINS,-19.6278749,-43.9912311
ITARUMÃ,-18.7645529,-51.348516
BRASÍLIA,-10.3333333,-53.2
BELO HORIZONTE,-19.9225776,-43.9451356
UNIÃO,-4.5892553,-42.8593348
CAMPINAS,-22.9056391,-47.059564
SÃO LUÍS,-2.5295265,-44.2963942
FORTALEZA,-3.7304512,-38.5217989
SANTIAGO,-29.189675,-54.866624
SANTARÉM,-2.438489,-54.699611
PORTO NACIONAL,-10.7019786,-48.4110952
LAGUNA CARAPÃ,-22.5549233,-55.1505549
RIBEIRÃO PRETO,-21.1776315,-47.8100983
SÃO PAULO,-23.5506507,-46.6333824
MANAUS,-3.1316333,-59.9825041
UNAÍ,-16.3628767,-46.892413
GUARULHOS,-23.4675941,-46.5277704
BOA VISTA,2.8208478,-60.6719582
ALTO ARAGUAIA,-17.3156528,-53.2169365
POUSO ALEGRE,-22.2343858,-45.9327241
URUGUAIANA,-29.7560726,-57.0867546
ALTO ALEGRE,-21.5820592,-50.1661976
TERESINA,-5.0874608,-42.8049571
GOVERNADOR VALADARES,-18.8539497,-41.9458753
IRACEMA,-5.8106219,-38.3028294
HUMAITÁ,-27.5660564,-53.9719817
NOVO SÃO JOAQUIM,-14.9108231,-53.01775
LUZIÂNIA,-16.2535456,-47.9500276
VIDEIRA,-27.00544,-51.1533733
MATEIROS,-10.5462254,-46.417423
FEIRA DE SANTANA,-12.2578934,-38.9598047
ATIBAIA,-23.1177393,-46.5547861
SÃO PEDRO DA ÁGUA BRANCA,-5.083403,-48.4299175
MARICÁ,-22.9086953,-42.81697117211138
QUIRINÓPOLIS,-18.4471859,-50.4546981
COCOS,-14.1811222,-44.5382117
PIRACICABA,-22.725165,-47.6493269
CAMPO LARGO,-25.4597726,-49.5270851
CURURUPU,-1.824255,-44.872996
BIRITIBA-MIRIM,-23.5697765,-46.0407456
CANARANA,-11.6870151,-41.7683675
JAGUARAÇU,-19.6471951,-42.7513291
VILA VELHA,-20.3297037,-40.2920174
SÃO DESIDÉRIO,-12.357196,-44.976881
ITAMARATI,-6.4385189,-68.2437385
GOIÂNIA,-16.680882,-49.2532691
RIO VERDE,-17.7921255,-50.9191219
SANTO ANTÔNIO DO LEVERGER,-15.84100265,-56.067934219736316
UBERLÂNDIA,-18.9188041,-48.2767837
NAVEGANTES,-26.8898813,-48.6495828
SÃO FÉLIX DO ARAGUAIA,-11.6170646,-50.6667246
CAMPO VERDE,-21.4603331,-49.9465156
RIACHÃO,-7.3642557,-46.6226095
ALTO ALEGRE DO PINDARÉ,-3.6698186,-45.8462153
BELÉM,-1.45056,-48.4682453
CAMPO GRANDE,-20.4640173,-54.6162947
LAGES,-27.8165664,-50.325883
CABO FRIO,-22.8804369,-42.0189227
ARAÇATUBA,-21.207992,-50.4390225
AMERICANA,-22.7392463,-47.3306032
BRAGANÇA PAULISTA,-22.9520235,-46.5418586
SÃO CARLOS,-22.0180395,-47.891154
SANTO ANTÔNIO DO LESTE,-14.8037659,-53.6095671
PARAGOMINAS,-2.99564,-47.3548942
BAURU,-22.3218102,-49.0705863
SÃO JOSÉ DE RIBAMAR,-2.5609115,-44.0559509
VILHENA,-12.7368536,-60.1465555
CUIABÁ,-15.5986686,-56.0991301
BONFINÓPOLIS DE MINAS,-16.5660011,-45.98645
JOANÓPOLIS,-22.930004,-46.275208
RAPOSA,-2.4410095,-44.1104256
SÃO JOSÉ,-27.6157733,-48.6276491
BURITIS,-15.621389,-46.423889
JUNDIAÍ,-23.1887668,-46.884506
ALTAMIRA,-3.204065,-52.209961
CORUMBÁ,-19.0016365,-57.6534316
RECIFE,-8.0584933,-34.8848193
MANOEL URBANO,-8.838755,-69.2619465
TAPURAH,-12.742385,-56.512037
PRIMAVERA DO LESTE,-15.5614127,-54.2993946
BARRETOS,-20.5531437,-48.5697509
DIAMANTINO,-14.4036262,-56.4364488
CASA NOVA,-9.1736775,-40.9734475
SANTA MARIA,-29.6860512,-53.8069214
LONDRINA,-23.3112878,-51.1595023
SÃO GONÇALO DO AMARANTE,-5.7932331,-35.3286312
CHAPADÃO DO CÉU,-18.3951972,-52.6670783
CHAPECÓ,-27.0922364,-52.6166878
CANELA,-29.3626977,-50.8136305
MASSARANDUBA,-26.610868,-49.005351
ARAGARÇAS,-15.8957166,-52.2514538
SOROCABA,-23.5003451,-47.4582864
CARIACICA,-20.263202,-40.416549
UBERABA,-19.750833,-47.936666
SORRISO,-12.5444887,-55.7233972
PASSO DO SOBRADO,-29.7477243,-52.2734293
PORTO DOS GAÚCHOS,-11.532999,-57.413233
NOVA UBIRATÃ,-13.03484,-55.2539048
CONCEIÇÃO DO ARAGUAIA,-8.2696905,-49.2676864
CACONDE,-21.5281123,-46.6434015
GLORINHA,-29.8790534,-50.7869437
CORUPÁ,-26.4267153,-49.24747
TEFÉ,-3.3485276,-64.7102278
MACAÉ,-22.28283055,-41.96490906592897
SABARÁ,-19.8900372,-43.8107916
MONTES CLAROS,-16.7273538,-43.8717676
CURITIBA,-25.4295963,-49.2712724
JUÍNA,-11.4230908,-58.7570212
PALMAS,-10.1837852,-48.3336423
PARAGUAÇU PAULISTA,-22.4203497,-50.5792099
NOVO ARIPUANÃ,-5.125929,-60.373179
TAUBATÉ,-23.031448,-45.5612792
NAVIRAÍ,-23.0622152,-54.2018319
TANABI,-20.6251635,-49.6519879
CANTÁ,2.60994,-60.605827
CAMPINA GRANDE DO SUL,-25.3046032,-49.0545355
SÃO BORJA,-28.6592237,-56.0044295
NOVO PROGRESSO,-7.0374884,-55.4185904
TAILÂNDIA,-2.936096,-48.9523366
CONTAGEM,-19.9132749,-44.0840953
PEDRO OSÓRIO,-31.861921,-52.8219388
DOBRADA,-21.5180904,-48.3938897
SÃO JOSÉ DOS CAMPOS,-21.7318163,-41.3289071
MINEIROS,-17.5653879,-52.5536721
SANTA VITÓRIA DO PALMAR,-33.5198333,-53.3693967
CASCAVEL,-24.9554996,-53.4560544
FLORIANÓPOLIS,-27.5973002,-48.5496098
PARAÚNA,-16.9495937,-50.4473008
PELOTAS,-31.7699736,-52.3410161
UMUARAMA,-23.7621152,-53.3116192
VARGEM ALTA,-20.6733324,-41.0107231
ERECHIM,-27.6350709,-52.2738654
NOVO REPARTIMENTO,-4.2519172,-49.9524257
VITÓRIA,-20.3200917,-40.3376682
VILA BELA DA SANTÍSSIMA TRINDADE,-15.009904,-59.961115
SÃO FÉLIX DO XINGU,-6.6386974,-51.9787582
ITUMBIARA,-18.4135862,-49.2172596
RONDONÓPOLIS,-16.4603533,-54.6397099
MARCELÂNDIA,-11.0794264,-54.5202451
CANÁPOLIS,-18.7228793,-49.2016329
SANTA RITA DO PARDO,-21.3025544,-52.8262142
UBATUBA,-23.433162,-45.083415
ITURAMA,-19.7272733,-50.193488
PAULÍNIA,-22.7630391,-47.1532213
APUCARANA,-23.5525327,-51.4610764
ITACARÉ,-14.2779427,-38.9955683
SANTA CRUZ CABRÁLIA,-16.2815556,-39.0239196
NÃO IDENTIFICADA,-19.9512094,-44.2273507
BRASNORTE,-12.1218837,-58.0042714
JUARA,-11.2535587,-57.5080072
DOVERLÂNDIA,-16.7210996,-52.3138104
RIBAS DO RIO PARDO,-20.4477984,-53.7609001
PORTO SEGURO,-16.443473,-39.064251
CAJATI,-24.7272376,-48.1077914
IBIÁ,-19.4771843,-46.5386956
AMAJARI,3.6523869,-61.4194315
CAMPOS DOS GOYTACAZES,-21.7546,-41.3242
ACREÚNA,-17.3959899,-50.3749031
PETROLINA,-9.3817334,-40.4968875
BOA ESPERANÇA DO SUL,-21.9930206,-48.3917372
JOINVILLE,-26.3044898,-48.8486726
AQUIRAZ,-3.9063117,-38.387504
MARABÁ PAULISTA,-22.1069936,-51.9629504
IMBITUBA,-28.241827,-48.6643444
RIBEIRO GONÇALVES,-7.5603126,-45.2417148
MONTE ALEGRE DO PIAUÍ,-9.7483373,-45.3048117
CACEQUI,-29.8838059,-54.8273443
ELDORADO DO SUL,-29.9976311,-51.3063965
FORMOSA DO RIO PRETO,-11.0414544,-45.1903983
BOM JESUS DE GOIÁS,-18.2174587,-49.739721
VERA,-12.2949604,-55.2947571
RIO BRANCO,-9.9765362,-67.8220778
CAXIAS DO SUL,-29.1685045,-51.1796385
INACIOLÂNDIA,-18.4864065,-49.9887805
CAÇAPAVA,-23.099204,-45.707645
MARINGÁ,-23.425269,-51.9382078
AQUIDAUANA,-20.473969,-55.7821375
PONTA GROSSA,-25.0891685,-50.1601812
NÍSIA FLORESTA,-6.0902674,-35.2085026
GAÚCHA DO NORTE,-13.18136,-53.2543946
VITÓRIA DA CONQUISTA,-14.8567487,-40.8414804
SÃO JOSÉ DA LAPA,-19.6988548,-43.9583194
NONOAI,-27.3660882,-52.7717853
GLÓRIA D'OESTE,-15.7680093,-58.3107593
FORQUILHINHA,-28.7487602,-49.4737661
ITIQUIRA,-17.2033274,-54.1446924
PAVERAMA,-29.5521033,-51.7343769
JUAZEIRO DO NORTE,-7.2153453,-39.3153336
SINOP,-11.8577512,-55.496788
GUANAMBI,-14.223066,-42.779943
ALTA FLORESTA,-9.8698547,-56.0834993
COARI,-4.0885957,-63.1431166
SÃO JOSÉ DO RIO PRETO,-20.8125851,-49.3804212
LUCAS DO RIO VERDE,-13.1107706,-55.898894
IGARASSU,-7.8354423,-34.9061125
VÁRZEA GRANDE,-15.645816,-56.132218
IPUÃ,-20.4441839,-48.012504
PONTA PORÃ,-22.5286917,-55.723426
SÃO GERALDO DO ARAGUAIA,-6.394715,-48.559169
PARANAPANEMA,-23.390161,-48.720868
IRANDUBA,-3.2758203,-60.1867429
LOBATO,-23.0077055,-51.9524309
NOVA BANDEIRANTES,-9.8494172,-57.8139698
LONTRAS,-27.1679891,-49.5424602
LINHARES,-19.3816944,-40.0612213
QUERÊNCIA,-12.5944625,-52.2088505
ENGENHEIRO CALDAS,-19.201389,-42.046944
URUARÁ,-3.7185381,-53.738549
SOCORRO,-22.5902619,-46.5249112
CACHOEIRA DO ARARI,-1.0143572,-48.9621089
BARRA DO CHOÇA,-14.8638173,-40.5761637
LENÇÓIS PAULISTA,-22.6029897,-48.8031367
SANTA HELENA DE GOIÁS,-17.8115199,-50.5976641
TRÊS LAGOAS,-20.7866799,-51.7061247
ITAJUBÁ,-22.4238234,-45.4524156
ORIXIMINÁ,-1.7669992,-55.868285
BENEVIDES,-1.3555577,-48.252235
MARABÁ,-5.3462821,-49.1007401
BARRA VELHA,-26.6338203,-48.6835001
JUIZ DE FORA,-21.7609533,-43.3501129
MONTE SANTO,-10.4382898,-39.3304065
ASSIS,-22.6620892,-50.420623
PARÁ DE MINAS,-19.8599637,-44.6075313
GUARAQUEÇABA,-25.2983566,-48.3290185
IMPERATRIZ,-5.5269279,-47.478115
RIO CLARO,-22.4100108,-47.5603933
ANDRADINA,-20.896505,-51.3742765
PORTO MURTINHO,-21.698078,-57.883586
GUARUJÁ,-23.9927768,-46.2558332
CAMPO NOVO DO PARECIS,-13.658735,-57.890723
FRANCA,-20.5381768,-47.4009795
NOVA CANTU,-24.6739252,-52.5731265
JUSSARA,-15.874813,-50.867431
LÁBREA,-7.2613683,-64.7924505
CONDEÚBA,-14.902227,-41.971829
MACAPÁ,0.0401529,-51.0569588
ARAPONGAS,-23.4152862,-51.4293961
REDENÇÃO,-8.025294,-50.031687
CAPIVARI,-22.9999295,-47.5031066
LOANDA,-22.9320944,-53.1352452
RIO DAS OSTRAS,-22.5269448,-41.944972
MUCAJAÍ,2.4486084,-60.9199986
CONQUISTA D'OESTE,-14.5381171,-59.5443775
FOZ DO IGUAÇU,-25.5401479,-54.5858139
PATO BRANCO,-26.2295984,-52.6712474
JAGUARUNA,-28.6237365,-49.0288664
RESPLENDOR,-19.3254413,-41.2554622
BENTO GONÇALVES,-29.1654014,-51.5197627
IPIXUNA,-7.0502834,-71.691232
RUY BARBOSA,-12.2856669,-40.4958361
ILHÉUS,-14.792599,-39.0453843
CANDEIAS DO JAMARI,-8.7949939,-63.7018851
UBÁ,-21.12,-42.942777
SALTO DE PIRAPORA,-23.6492502,-47.5729465
PORTO VELHO,-8.7494525,-63.8735438
ARARI,-3.4547602,-44.7772723
SÃO FRANCISCO DO PARÁ,-1.20717885,-47.748998867541246
RIBEIRÃO BONITO,-22.0692867,-48.1781765
FERNANDÓPOLIS,-20.2825647,-50.2500762
PAUDALHO,-7.90287,-35.171639
PIMENTA BUENO,-11.6767868,-61.1863902
IBITINGA,-21.75623,-48.831903
SERRA TALHADA,-7.9867805,-38.2920294
ILICÍNEA,-20.9390196,-45.8263558
CURRAIS NOVOS,-6.2626676,-36.5173039
JOÃO PESSOA,-7.1215981,-34.882028
SÃO GABRIEL,-30.334214,-54.3227149
ITAQUIRAÍ,-23.4801914,-54.1833692
PARANATINGA,-14.4297856,-54.0503432
SANTA ISABEL DO RIO NEGRO,-0.25278445,-64.98578996363636
ARACATI,-4.558259,-37.767894
ITACOATIARA,-3.1477898,-58.4461041
BARRA DE SÃO FRANCISCO,-18.7570902,-40.8916119
ITAJAÍ,-26.9046787,-48.6552979
CORRENTINA,-13.344157,-44.6345066
DOURADOS,-22.2206145,-54.812208
BOITUVA,-23.2838893,-47.6738231
GOIANDIRA,-18.1355157,-48.087163
BRASILÂNDIA DE MINAS,-17.0096409,-46.0087622
JI-PARANÁ,-10.8778148,-61.9277854
CARUARU,-8.2829702,-35.9722852
MACEIÓ,-9.6476843,-35.7339264
CURVELO,-18.7571926,-44.4305993
CRUZEIRO DO SUL,-29.5139742,-51.9917068
ALTO PARAÍSO DE GOIÁS,-14.1304779,-47.5100161
GARUVA,-26.0294904,-48.8545202
ALTO PIQUIRI,-24.0239021,-53.4417448
TAMARANA,-23.7223793,-51.0936013
ARIPUANÃ,-10.175806,-59.4439663
OURO PRETO,-20.385527,-43.5035214
BANDEIRANTES,-23.107788,-50.370407
CABECEIRAS,-15.7995459,-46.9264991
MARAÚ,-14.103022,-39.0144322
PIÇARRA,-6.4475822,-48.8633795
IBOTIRAMA,-12.1829519,-43.2181138
XINGUARA,-7.0998514,-49.9416632
PARANAVAÍ,-23.08165,-52.461724
ESPIGÃO D'OESTE,-11.532175,-61.0130935
CARAUARI,-4.8766426,-66.8961433
TANGARÁ DA SERRA,-14.6213903,-57.4907268
ARARUAMA,-22.7446908,-42.32312924204672
GUARANI D'OESTE,-20.0737613,-50.3379634
RANCHARIA,-22.2294981,-50.8922333
NOVA CRIXÁS,-14.0968848,-50.3396014
IPIRANGA DO NORTE,-12.2408004,-56.1531011
PIRENÓPOLIS,-15.8501619,-48.957317
SANTA LUZIA,-19.7702097,-43.8505291
BALSAS,-7.53214,-46.037163
SÃO ROMÃO,-16.3687716,-45.0678597
FELIZ NATAL,-12.3802463,-54.9389793
PORTO BELO,-27.1542415,-48.5424395
POMPÉU,-19.218611,-45.002778
GUAÍRA,-24.0851924,-54.2567519
PRESIDENTE FIGUEIREDO,-2.0486359,-60.0236658
PRESIDENTE CASTELO BRANCO,-23.2790844,-52.1528771
SANTA CRUZ DO XINGU,-10.1533447,-52.392016
BEBEDOURO,-20.949077,-48.479083
ANGRA DOS REIS,-23.155540549999998,-44.23448088153183
RIO BRILHANTE,-21.8046467,-54.5433047
ELDORADO,-24.522583,-48.1093489
MOSSORÓ,-5.1904332,-37.3443872
VIANA,-3.2099341,-45.0002456
DRACENA,-21.4835523,-51.5334408
CAPÃO DA CANOA,-29.7508278,-50.0210729
SANTA JULIANA,-5.6660072,-47.8448821
ULIANÓPOLIS,-3.7575266,-47.5009377
ARIQUEMES,-9.9076522,-63.033069
SÃO ROQUE,-23.5304843,-47.1355473
CHAPADÃO DO SUL,-18.7949051,-52.6199512
SÃO PEDRO,-22.5512765,-47.9072359
CAJAMAR,-23.3561111,-46.8769444
LUIZ ALVES,-26.7118577,-48.9126756
SÃO SIMÃO,-21.4800208,-47.5531095
MARÍLIA,-22.2172002,-49.9500061
MAÇAMBARÁ,-29.144485,-56.067444
BOCA DO ACRE,-8.7553487,-67.3930873
CORUMBATAÍ,-22.2210521,-47.6249638
LUÍS EDUARDO MAGALHÃES,-12.0869117,-45.7834163
PALESTINA,-20.389344,-49.4320384
DIVINÓPOLIS,-20.1597921,-44.8739341
UCHOA,-20.951106,-49.171295
CAFELÂNDIA,-21.8054355,-49.6030627
BAGÉ,-31.3314264,-54.1062808
URUÇUÍ,-7.2363099,-44.555387
BANNACH,-7.3508505,-50.4064531
CHAPADA GAÚCHA,-15.2946253,-45.6284904
JATAÍ,-17.8783829,-51.7204241
NOVO HAMBURGO,-29.6905705,-51.1429035
SANTA RITA,-7.128465,-34.9846186
MARACAÍ,-22.6112679,-50.6670685
FORMOSO DO ARAGUAIA,-11.8059989,-49.5257153
JACAREACANGA,-6.2196518,-57.758625
CHUPINGUAIA,-12.5528918,-60.9027819
ARAL MOREIRA,-22.951141,-55.6268421
CARACOL,-9.2804898,-43.3284924
SANTOS,-23.9335988,-46.3286399
SANTA ROSA,-27.8643546,-54.4779287
ANAURILÂNDIA,-22.185169,-52.719056
LAGOA DA CONFUSÃO,-10.7883045,-49.6224431
VERÍSSIMO,-19.6680818,-48.308771
SANTO ANTÔNIO DO AMPARO,-20.9413389,-44.9187397
FLORES DA CUNHA,-29.030129,-51.1833349
LAVRAS,-21.2425512,-44.9991978
ARAXÁ,-19.6009149,-46.940923
JOÃO PINHEIRO,-17.742777,-46.175278
FRANCISCO BELTRÃO,-26.0790979,-53.0533527
CAROEBE,0.8808696,-59.6963796
ÁGUA BOA,-17.9956411,-42.3899261
CARACARAÍ,1.827598,-61.125389
GETÚLIO VARGAS,-27.8871493,-52.2257967
PIEDADE DE CARATINGA,-19.7601211,-42.0767321
PAU D'ARCO,-7.8331153,-50.0404438
SÃO JOSÉ DE MIPIBU,-6.0746867,-35.2370184
BLUMENAU,-26.9195567,-49.0658025
ALTAIR,-20.5238955,-49.0606135
DOIS VIZINHOS,-25.7464681,-53.0554369
SANTA FÉ DO SUL,-23.039993,-51.808014
SOBRAL,-3.6879135,-40.3456372
GOUVELÂNDIA,-18.4425949,-50.1365172
COCALINHO,-14.390339,-51.00015
PRESIDENTE PRUDENTE,-22.1225167,-51.3882528
ITIRAPINA,-22.2536514,-47.8212546
TOMÉ-AÇU,-2.4166306,-48.1522907
SÃO SEBASTIÃO DO OESTE,-15.9033774,-47.7717736
PARINTINS,-2.6344567,-56.7319324
MARIANA,-20.3781468,-43.4174862
CURITIBANOS,-27.2900659,-50.5779683
ARAQUARI,-26.3703324,-48.7210994
PORECATU,-22.753724,-51.37949
DOM AQUINO,-15.809899,-54.922298
JORDÃO,-9.1905396,-71.9484803
VOTUPORANGA,-20.4252908,-49.972028
ITAPORÃ,-22.0799142,-54.7874239
POCONÉ,-16.2581978,-56.6325633
ITAGUAÍ,-22.81226975,-43.82356297028893
MACAÚBAS,-13.0174846,-42.6882221
APUÍ,-7.1940195,-59.8830192
AMAPÁ,1.3545442,-51.9161977
SIDROLÂNDIA,-20.9361042,-54.9640262
TUPI PAULISTA,-21.3861179,-51.5763259
SÃO JOSÉ DOS PINHAIS,-25.533816,-49.2072163
CASSILÂNDIA,-19.1128242,-51.7345354
CASTANHEIRA,-11.1391946,-58.6088547
ARUANÃ,-14.9162439,-51.0715692
ONÇA DE PITANGUI,-19.73,-44.807222
GUARAPARI,-20.6718755,-40.4984617
ACARÁ,-1.961388,-48.1987043
JEQUITAÍ,-17.2328217,-44.4383463
NOVA XAVANTINA,-14.6794165,-52.351994
BATAYPORÃ,-22.2976466,-53.2685608
MORPARÁ,-11.5628341,-43.2768414
SANTA BÁRBARA,-19.959444,-43.415278
LINS,-21.6741873,-49.7518932
NOVO HORIZONTE,-21.4674564,-49.2235377
MORADA NOVA DE MINAS,-18.6024892,-45.3513867
PIRAQUARA,-25.4423273,-49.0604473
TERESÓPOLIS,-22.4164578,-42.975194
GAVIÃO PEIXOTO,-21.8377536,-48.492853
LEME,-22.1859721,-47.389764
SÃO GABRIEL DO OESTE,-19.29022165,-54.631132237855965
RIACHÃO DAS NEVES,-11.7481049,-44.9109851
TOMBOS,-20.9083753,-42.0270243
MUNDO NOVO,-11.8573859,-40.4731656
ARAPOTI,-24.1457957,-49.8224605
ARACAJU,-10.9162061,-37.0774655
BARÃO DE MELGAÇO,-16.195776,-55.9668049
IVINHEMA,-22.302254,-53.8276006
MONTENEGRO,-12.6998188,-38.3260762
SÃO MANUEL,-22.732081,-48.572316
RESENDE,-22.441869850000003,-44.42048471183837
ANÁPOLIS,-16.3332828,-48.9525756
PRESIDENTE EPITÁCIO,-21.765074,-52.11114
SANTA ROSA DO PURUS,-9.4354872,-70.4926109
TRÊS PONTAS,-21.3686224,-45.5122937
GOIANÁ,-21.5375,-43.2014
NOVA MUTUM,-13.8255015,-56.0849262
PLANURA,-20.1368583,-48.7066819
TRINDADE,-16.6549924,-49.4876203
ITABERAÍ,-16.0205509,-49.8060341
MORRO AGUDO,-20.7276692,-48.052795
LENÇÓIS,-12.5634288,-41.3901717
PIRACANJUBA,-17.3020379,-49.0170101
SANTO ÂNGELO,-28.3000481,-54.2669971
ALMEIRIM,-1.5290377,-52.5788111
ARAGUAIANA,-15.729144,-51.834112
BARRA DO BUGRES,-15.0683712,-57.1853688
CONQUISTA,-14.8567487,-40.8414804
IGARATÁ,-23.2063475,-46.156934
DIAMANTINA,-18.2440862,-43.6006487
ARARAS,-22.3569477,-47.3838889
FORMIGA,-20.4648425,-45.4266753
MIRASSOL D'OESTE,-15.675947,-58.0951397
PARANAIGUARA,-18.9137048,-50.6536307
SÃO LOURENÇO DO SUL,-31.3669286,-51.9814839
CONCEIÇÃO DAS ALAGOAS,-19.9194009,-48.3803414
VARGINHA,-21.5565914,-45.4340674
MANDAGUAÇU,-23.3485076,-52.0966215
ALEGRETE,-29.790166,-55.794862
FORTALEZA DOS VALOS,-28.7959241,-53.2246622
BARREIRAS,-12.1440031,-44.9967406
MOSSÂMEDES,-16.1263751,-50.2104393
VIAMÃO,-30.0819338,-51.0261927
SERRA AZUL,-21.3132591,-47.5635821
FRUTAL,-20.0220064,-48.9280076
NOVA LIMA,-19.9854089,-43.8470691
BARREIROS,-8.8159644,-35.1831905
RIO PARANAÍBA,-19.1965275,-46.2411395
CONCÓRDIA,-27.2312011,-52.0231024
MUITOS CAPÕES,-28.3162856,-51.1836226
GUARÁ,-20.4290496,-47.8250067
VICENTINA,-22.4093447,-54.4370921
MATO RICO,-24.7045571,-52.1493001
NOVA MARINGÁ,-13.0314433,-57.0922657
GOIATUBA,-18.0154577,-49.3640591
MARITUBA,-1.3595306,-48.3361504
SANTANA DO LIVRAMENTO,-30.8894097,-55.5317694
RIO LARGO,-9.477829,-35.839435
PERDIZES,-19.3503361,-47.2938235
SANT'ANA DO LIVRAMENTO,-30.8894097,-55.5317694
BOM JESUS,-28.6692723,-50.4346894
QUATRO BARRAS,-25.3708987,-49.0745672
CATANDUVA,-21.1331035,-48.9712817
TRÊS MARIAS,-18.2051533,-45.2484314
IPIXUNA DO PARÁ,-2.5592139,-47.4965462
BOM RETIRO,-27.798993,-49.486994
SÃO FRANCISCO DO SUL,-28.071016999999998,-54.77636531734161
SÃO MIGUEL DO IGUAÇU,-25.349171,-54.240498
ANANINDEUA,-1.374035,-48.4016623
TAPES,-30.6747721,-51.3986199
CAUCAIA,-3.7300563,-38.6593082
IGARATINGA,-19.955278,-44.7089254
TABATINGA,-21.7373768,-48.6880522
CARAZINHO,-28.2981634,-52.7942363
FEIJÓ,-8.1648652,-70.3539579
ROSANA,-22.5788641,-53.0552246
SANTO ANTÔNIO DA PLATINA,-23.2957157,-50.0778957
CRUZ,-2.918128,-40.175981
NOVA ANDRADINA,-22.2477565,-53.3480621
PIRAJUÍ,-21.9957877,-49.4549675
SANTA TEREZINHA,-26.7813,-50.009017
CAMAPUÃ,-19.5291747,-54.0434641
REGENTE FEIJÓ,-22.2191056,-51.3034558
ARAPIRACA,-9.754866,-36.661471
COLOMBO,-25.2925439,-49.2243472
BRUSQUE,-27.0964628,-48.9136323
FORMOSA,-15.5492443,-47.3301212
CRIXÁS,-14.5424536,-49.9694813
BALNEÁRIO CAMBORIÚ,-26.9924395,-48.6339782
JUTI,-22.8611994,-54.604793
ANAPU,-3.4668292,-51.2057035
TAPIRATIBA,-21.46824,-46.7493221
RIACHO DAS ALMAS,-8.1356327,-35.8566421
CACOAL,-11.4333,-61.4420502
GUARATINGUETÁ,-22.8057839,-45.1908926
NOBRES,-14.7196233,-56.3351314
PICOS,-7.0823544,-41.4685053
SÃO JOÃO DO CAIUÁ,-22.8544849,-52.3371114
SANTA CRUZ DO SUL,-29.7141869,-52.4285914
GURUPI,-11.72794,-49.068046
SÃO JOÃO DEL REI,-21.1335755,-44.2588086
GUABIRUBA,-27.0864326,-48.9781319
GUARAMIRIM,-26.4744805,-48.9981151
IBIÚNA,-23.6544825,-47.220856
PATROCÍNIO,-18.9408294,-46.9926624
ÁLVARES MACHADO,-22.076415,-51.47224
ALTA FLORESTA D'OESTE,-11.9296917,-61.9961284
SAPEZAL,-13.547958,-58.8146235
CURRALINHO,-1.8137876,-49.7980165
RESERVA,-24.6545336,-50.8484432
GUARAPUAVA,-25.3950986,-51.4622016
CAMARAGIBE,-8.0213832,-34.9810768
QUADRA,-23.299332,-48.054657
CAMPO MAGRO,-25.3691533,-49.4496921
IBIRAMA,-27.0537021,-49.5190771
MATÃO,-21.6033611,-48.3660603
TIETÊ,-23.1030302,-47.7147937
TIJUCAS,-27.239404,-48.6353696
PACAJÁ,-3.8354195,-50.6399248
MACATUBA,-22.50022,-48.710229
IRAUÇUBA,-3.7466828,-39.7840904
SÃO BENEDITO,-4.0479885,-40.8643005
ILHOTA,-26.9022824,-48.8284968
BREVES,-1.68036,-50.479085
CAÇU,-18.5637222,-51.1369685
PONTES E LACERDA,-15.2315171,-59.3349512
SÃO JOAQUIM DA BARRA,-20.5814993,-47.8608238
BIRIGUI,-21.2908491,-50.34144
JAGUARÉ,-18.9058375,-40.0710964
ITAPERUNA,-21.206179900000002,-41.867283935493454
COLÍDER,-10.8094999,-55.4540386
MATÕES DO NORTE,-3.6268881,-44.5547543
TAMBAÚ,-21.70292,-47.270344
TOLEDO,-22.7433969,-46.3735044
BREJINHO DE NAZARÉ,-11.0138265,-48.564626
SANTA RITA DO TRIVELATO,-13.8139517,-55.2721092
GUARANTÃ DO NORTE,-9.9517992,-54.9098178
GOIANÉSIA DO PARÁ,-3.8380998,-49.0977992
ITAÍ,-23.4172598,-49.0935788
SÃO VICENTE,-23.9664177,-46.3861401
IBIRUBÁ,-28.630161,-53.096124
ALTO PARNAÍBA,-9.112506,-45.9310154
IGUARAÇU,-23.1972911,-51.8244524
ITÁPOLIS,-21.5958368,-48.8122696
VILA RICA,-20.385527,-43.5035214
TABOÃO DA SERRA,-23.6121912,-46.7790539
ARAGUAÍNA,-7.193241,-48.2018597
MANTENA,-18.7809937,-40.9808279
CAARAPÓ,-22.6349267,-54.8240903
IVATÉ,-23.4084656,-53.3698352
ROSÁRIO OESTE,-14.825938,-56.42357
COLNIZA,-9.4560637,-59.2197132
PARACATU,-17.2174056,-46.8707514
TEÓFILO OTONI,-17.8579267,-41.5081533
JACAREZINHO,-23.1590428,-49.9739664
SÃO MATEUS,-18.7146049,-39.8539499
ITARIRI,-24.2900711,-47.176151
COROMANDEL,-18.473889,-47.200278
ANTONINA,-25.4298854,-48.7125431
CRUZ ALTA,-28.645056,-53.6058047
SÃO JOSÉ DO RIO CLARO,-13.4467103,-56.7214365
ASSIS BRASIL,-10.9409203,-69.5672108
URUAÇU,-14.5244164,-49.1510022
CAROLINA,-7.3313437,-47.4738762
PARAÍSO DO NORTE,-23.2841185,-52.6024125
CAMPO DO TENENTE,-25.9814143,-49.684518
ELIAS FAUSTO,-23.0416538,-47.3718002
LADÁRIO,-19.0036585,-57.6028285
EDÉIA,-17.3407253,-49.9292351
GUIRATINGA,-16.3457422,-53.7595097
SERRANÓPOLIS,-18.3084565,-51.9569462
JAPERI,-22.6427642,-43.6533831
LEOPOLDO DE BULHÕES,-16.6190479,-48.742755
ITAMBÉ,-15.2435245,-40.6269506
CAMANDUCAIA,-22.755278,-46.144444
TUPACIGUARA,-18.5932122,-48.6999014
ARROIO GRANDE,-29.548078,-52.0971166
SÃO MANOEL DO PARANÁ,-23.394137,-52.645376
RIO GRANDE,-32.0334252,-52.0991297
CAIEIRAS,-23.3644621,-46.7484765
QUIXADÁ,-4.9706021,-39.0158403
RODEIO,-26.9233304,-49.3685354
PARECI NOVO,-29.6386722,-51.3961969
FAXINAL,-24.001212,-51.3222727
MARECHAL THAUMATURGO,-8.9479792,-72.7872614
OROCÓ,-8.6147578,-39.6036988
CANTAGALO,-25.3735238,-52.1238114
PORTO WALTER,-8.2687722,-72.7444458
PIEDADE,-23.7074096,-47.4252319
ESMERALDAS,-19.7613111,-44.3145945
PORTO ESPERIDIÃO,-15.8521665,-58.4693093
CANUTAMA,-6.5330019,-64.3834966
GARIBALDI,-29.2562253,-51.5269167
MANGARATIBA,-22.94159645,-44.11819159272247
BARCELOS,-0.9729214,-62.925635
CABREÚVA,-23.3076663,-47.1324726
FELIXLÂNDIA,-18.7573983,-44.8991465
JACUPIRANGA,-24.6945594,-48.0024027
ITAPORANGA D'AJUDA,-10.9961671,-37.3045841
PACAJUS,-4.171073,-38.464988
GUARARAPES,-21.2542739,-50.6440083
SANTA MARGARIDA DO SUL,-30.339117,-54.0856735
CLÁUDIA,-11.5057202,-54.8763166
PENÁPOLIS,-21.4192406,-50.0765588
JEQUIÉ,-13.8604033,-40.0719627
GRAJAÚ,-5.8154034,-46.1361454
MATA DE SÃO JOÃO,-12.5055734,-38.4832875
IPAUSSU,-23.0544285,-49.6264306
ITAGUARA,-20.391389,-44.488055
BURITI ALEGRE,-18.1377879,-49.0404411
EUNÁPOLIS,-16.3766148,-39.586449
AUTAZES,-3.5833283,-59.1301518
CAMOCIM,-2.9009918,-40.8427389
IBIRÁ,-21.0815104,-49.2424619
ITABORAÍ,-22.7558128,-42.88295606921409
CAMPO MOURÃO,-24.046329,-52.37802
PEROLÂNDIA,-17.5269378,-52.0624546
PARANAÍBA,-19.6751971,-51.1874986
VISCONDE DO RIO BRANCO,-21.01,-42.840833
AMAPORÃ,-23.094272,-52.786597
RIBEIRÃO DAS NEVES,-19.7672898,-44.0875436
ESTÂNCIA,-11.2682255,-37.4378341
SANTA ISABEL,-23.3194222,-46.2271903
ABADIA DE GOIÁS,-16.7584,-49.4383
OURO FINO,-22.283056,-46.369167
GUAPÉ,-20.7619937,-45.9176017
BOM JESUS DOS PERDÕES,-23.1353864,-46.4648052
MONTIVIDIU,-17.450464,-51.1737162
CAMPINA VERDE,-19.535277,-49.486389
CAFEZAL DO SUL,-23.900508,-53.512418
SANTA INÊS,-13.2897697,-39.8179701
CAIABU,-22.0143038,-51.2356597
VILA NOVA DOS MARTÍRIOS,-5.1879409,-48.1377908
RIO PARDO,-29.9820554,-52.3702447
DOM PEDRITO,-30.983755,-54.6746483
BARREIRINHAS,-2.7541271,-42.8259693
ENGENHEIRO BELTRÃO,-23.7996003,-52.2592684
JAPURÁ,-23.469273,-52.55572
AVARÉ,-23.1045215,-48.9259103
MONTE ALEGRE,-1.9989108,-54.0727694
PERUÍBE,-24.3218105,-46.9977452
CAMAQUÃ,-30.8524752,-51.8075619
SÍTIO NOVO,-5.881254,-46.7017184
PARELHAS,-6.691369,-36.6584475
CAMPINAS DO SUL,-27.7167968,-52.6257885
RIO VERDE DE MATO GROSSO,-18.9169208,-54.8410727
RESTINGA SECA,-29.8145611,-53.3734546
FRONTEIRA,-20.286111,-49.202778
TUCURUÍ,-3.7738509,-49.6708204
CALDAS NOVAS,-17.745,-48.625
SÃO PAULO DE OLIVENÇA,-3.4650627,-68.9468462
ESPÍRITO SANTO DO TURVO,-22.6939723,-49.4295067
GUAXUPÉ,-21.3087615,-46.7190609
CAPITÓLIO,-20.6142437,-46.0487652
CÁCERES,-16.0644315,-57.6879744
JATEÍ,-22.4815624,-54.307006
GAMELEIRA,-8.579803,-35.384573
CAMPOS DO JORDÃO,-22.6929855,-45.51849179778157
LAPA,-13.2498754,-43.4101019
MIRANDA,-20.2401082,-56.3844728
PARATY,-23.141541250000003,-44.76107946928248
PEIXOTO DE AZEVEDO,-10.2429203,-54.9919857
PATOS DE MINAS,-18.6041453,-46.5096698
MOGI DAS CRUZES,-23.5234284,-46.1926671
GUAPIAÇU,-20.79663,-49.2253917
PAUINI,-7.7122214,-66.9998441
SENA MADUREIRA,-9.0659556,-68.6571058
EXTREMOZ,-5.7057628,-35.3034765
ENGENHEIRO COELHO,-22.4896659,-47.2119005
BELMONTE,-15.8585465,-38.8820186
PASSO FUNDO,-28.2550598,-52.3966606
ITAUÇU,-16.2035995,-49.6059971
TERESINA DE GOIÁS,-13.7789573,-47.266894
GUARABIRA,-6.8513982,-35.4915582
IPUMIRIM,-27.0762287,-52.135736
BOA VIAGEM,-5.1261877,-39.7300055
ITAPACI,-14.9522349,-49.5511221
TAQUARAÇU DE MINAS,-19.669445,-43.687777
INHAMBUPE,-11.7921718,-38.3596957
CACHOEIRA DO SUL,-30.0482234,-52.8901686
CUNHA,-23.07753,-44.9567436
SEBASTIÃO LEAL,-7.5679515,-44.0648363
SÃO SEBASTIÃO DO PARAÍSO,-20.9124331,-46.9823296
DOMINGOS MARTINS,-20.3646483,-40.6585797
CHORÓ,-4.8435726,-39.1393071
OSÓRIO,-29.8890733,-50.2740498
PLANALTINA,-15.4571536,-47.6089024
ITAPEMA,-27.09472,-48.6137778
CARIDADE,-4.2316487,-39.1946515
PORTO FELIZ,-23.2110713,-47.5247163
PAULA FREITAS,-26.2092739,-50.936462
CAIRU,-13.4864481,-39.0447291
GUARATUBA,-25.8806192,-48.5750905
TIMON,-5.1004341,-42.8312018
SERRA DOURADA,-12.758418,-43.9500907
BOM DESPACHO,-19.7375242,-45.2517288
MATINHOS,-25.8187096,-48.534204
CUMARU DO NORTE,-7.8122669,-50.7677675
NOVA PRATA,-28.7849383,-51.6091999
BOM JESUS DO GALHO,-19.8283191,-42.3162256
TORRES,-29.3373663,-49.7299648
PARAUAPEBAS,-6.0696846,-49.8903283
CHAPADÃO DO LAGEADO,-27.590507,-49.553879
BRASILÂNDIA,-21.255575,-52.0365617
ESPÍRITO SANTO DO DOURADO,-22.046666,-45.950833
CAÇAPAVA DO SUL,-30.5113286,-53.4916761
PARNAÍBA,-2.9147515,-41.7661953
TATUÍ,-23.3489848,-47.8490165
ÁGUA LIMPA,-18.0755648,-48.7620637
FIGUEIRÓPOLIS,-12.1347916,-49.1737141
ITANHAÉM,-24.1848847,-46.7921572
ESTEIO,-29.8511627,-51.1778852
UBAPORANGA,-19.6344637,-42.1073048
IRAÍ DE MINAS,-18.9865339,-47.4642202
CAMPO FLORIDO,-19.760833,-48.572223
QUARTO CENTENÁRIO,-24.27904,-53.075881
VINHEDO,-23.0298535,-46.9749847
LIMA DUARTE,-21.842777,-43.792777
NOVA OLINDA DO NORTE,-3.8926889,-59.0953046
JANDAIA,-17.0479665,-50.1475485
NOSSA SENHORA DO LIVRAMENTO,-15.7725185,-56.3442904
LIMEIRA DO OESTE,-19.5521959,-50.5772673
IPATINGA,-19.4777807,-42.5270802
NOVA ESPERANÇA,-23.1818437,-52.1999852
RECURSOLÂNDIA,-8.7368677,-47.2416349
JANAÚBA,-15.8019291,-43.309246
ROSÁRIO,-30.2527151,-54.9179382
SANTANA DO ARAGUAIA,-9.3348334,-50.3427734
SETUBINHA,-17.6001378,-42.1620269
NOVA IGUAÇU,-22.7592175,-43.4508728
MARAGOGI,-9.0118278,-35.222512
AVANHANDAVA,-21.4603331,-49.9465156
JABOTICABAL,-21.252037,-48.325223
CIANORTE,-23.662036,-52.6103989
AGUDO,-29.6423259,-53.2494005
SANTA RITA DO NOVO DESTINO,-15.1350719,-49.1202541
ENTRE-IJUÍS,-28.361628,-54.2670019
ITAPETININGA,-23.588607,-48.048326
PORTO UNIÃO,-26.2336416,-51.082771
RIBEIRÃO CASCALHEIRA,-12.878827399999999,-51.579945038738146
MATA,-29.5637643,-54.4590898
ITABELA,-16.5742292,-39.5619193
QUATRO IRMÃOS,-27.8229301,-52.4427548
SÃO FRANCISCO DE SALES,-26.3716472,-52.4720554
PEDRALVA,-22.2428119,-45.4659922
SÃO SEBASTIÃO DA BOA VISTA,-1.4308526,-49.6045081399201
CATALÃO,-18.1702546,-47.9447082
MUCURI,-18.0787156,-39.5469886
ARARAQUARA,-21.7886713,-48.1773096
BELTERRA,-2.636091,-54.937392
SÃO LUÍS DE MONTES BELOS,-16.5210639,-50.3726281
BONFIM,3.3613818,-59.8427241
NOVO AIRÃO,-2.6260236,-60.9434406
RIO NEGRINHO,-26.259075,-49.517746
BARÃO,-29.372474,-51.494908
MOSTARDAS,-31.10538,-50.916692
BOA VISTA DA APARECIDA,-25.4357216,-53.4067721
GOIÁS,-15.9323662,-50.1392928
ORÓS,-6.2427541,-38.9141151
FLORESTÓPOLIS,-22.8663942,-51.3905121
ARANDU,-23.1345103,-49.0545651
CARATINGA,-19.7900887,-42.140533
UBARANA,-21.1637674,-49.7167796
TUCUMÃ,-6.7517239,-51.1507941
TELÊMACO BORBA,-24.3282939,-50.6318021
BAEPENDI,-21.9575733,-44.8891463
CATUTI,-15.3597,-42.9628
VENÂNCIO AIRES,-29.614306,-52.193159
IPERÓ,-23.3508977,-47.687611
COTIA,-23.603889,-46.918889
COROATÁ,-4.1282283,-44.1360269
CAMBÉ,-23.2782035,-51.2779583
OURO,-27.3389051,-51.6137785
COXIM,-18.504915,-54.7450251
UIRAMUTÃ,4.5958269,-60.1624807
BARRO ALTO,-11.7618025,-41.9094904
ITAPEVA,-23.9849105,-48.8803886
ITAPIRA,-22.436111,-46.821667
MARILUZ,-24.0031216,-53.148113
SÃO JOSÉ DO RIO PARDO,-21.595288,-46.887303
NITERÓI,-22.8884,-43.1147
PEDRA PRETA,-16.6230015,-54.4761228
POÇOS DE CALDAS,-21.7900318,-46.5647928
PORTO ALEGRE DO NORTE,-7.7882062,-72.0813115
ARAUCÁRIA,-25.5861107,-49.4051209
VILA PROPÍCIO,-15.4558431,-48.8855024
POXORÉO,-15.9947484,-54.3152063
COLATINA,-19.5346732,-40.6287836
NORTELÂNDIA,-14.4518972,-56.8043752
BOTUCATU,-22.8879628,-48.4410712
CARAVELAS,-17.7296514,-39.2660082
SÃO SEPÉ,-30.167219,-53.5690914
SERTANÓPOLIS,-23.0600434,-51.0373544
GUAÍBA,-30.1130731,-51.329442
ITUPEVA,-23.1531055,-47.0580347
MONTE DO CARMO,-10.7647456,-48.1121813
QUERÊNCIA DO NORTE,-23.083758,-53.483022
MOGI MIRIM,-22.433123,-46.958246
BURITAMA,-21.0664017,-50.1448077
SÃO LOURENÇO,-22.116389,-45.054167
PALMARES DO SUL,-30.2580247,-50.5097954
CORINTO,-18.363056,-44.456111
CRUZ MACHADO,-26.0184626,-51.3503171
SÃO LOURENÇO DA SERRA,-23.8535923,-46.9440587
LAJEADO GRANDE,-26.8583425,-52.5666619
VALE VERDE,-29.7830651,-52.1843582
TAPERA,-28.6262957,-52.8680873
TRIUNFO,-29.9407972,-51.7191859
JOAÇABA,-27.1737204,-51.5065214
SANTO AMARO DA IMPERATRIZ,-27.6865324,-48.7769405
NOVA GRANADA,-20.5345426,-49.3186951
ESPUMOSO,-28.7256962,-52.8453751
CORIBE,-13.828471,-44.45727
ARAMBARÉ,-30.9132252,-51.4994625
NOVA ODESSA,-22.7805746,-47.2993805
JUQUIÁ,-24.3172209,-47.6355618
CAMPINÁPOLIS,-14.5403731,-52.7970626
ARACRUZ,-19.8245218,-40.2735025
OURO BRANCO,-6.703294,-36.9429599
ANAMÃ,-3.5797356,-61.4049996
BARBACENA,-21.2254524,-43.7735087
ALTO PARANÁ,-23.131247,-52.318893
NAZÁRIO,-16.5807689,-49.881671
JANUÁRIA,-15.4875,-44.361111
VALENÇA DO PIAUÍ,-6.4048149,-41.7382812
URANDI,-14.7680766,-42.6573988
SÃO JOSÉ DO XINGU,-10.803888,-52.7357819
PIRAPORA,-17.3493765,-44.9507904
VOLTA REDONDA,-22.521856,-44.1040128
IMBUIA,-27.49082,-49.421766
CORUMBAÍBA,-18.1348982,-48.564223
ARENÁPOLIS,-14.460185,-56.8436668
SANTA TEREZINHA DE ITAIPU,-25.4390809,-54.4019902
JAURU,-15.3407762,-58.8683137
JABORANDI,-20.6921079,-48.4144076
PORTO DE MOZ,-1.7502089,-52.235556
DENISE,-14.7292165,-57.0482981
JAGUARIPE,-13.1147557,-38.8944977
BEBERIBE,-4.1810469,-38.1298101
OEIRAS,-7.0174887,-42.1314478
CRISTALÂNDIA,-10.59848,-49.194202
PALMEIRA DAS MISSÕES,-27.9010519,-53.3135927
ITAQUI,-29.1222037,-56.5551258
ÁGUA CLARA,-20.4385757,-52.8797496
ITATIBA,-23.0055542,-46.8397726
SALGUEIRO,-8.0726731,-39.1269719
JAGUAPITÃ,-23.1102516,-51.5327741
SÃO PEDRO DO SUL,-29.62712705,-54.17332495204816
TOROPI,-29.478246,-54.224398
MESÓPOLIS,-19.9662274,-50.6190438
SETE BARRAS,-24.3878438,-47.9265798
IBIPORÃ,-23.2684137,-51.0475907
BARRA BONITA,-22.490859,-48.558349
ITOBI,-21.730853,-46.9743
VARJÃO DE MINAS,-18.3791473,-46.030627
CAMETÁ,-2.242949,-49.497885
MONTES CLAROS DE GOIÁS,-16.0059459,-51.3978781
IGARAPAVA,-20.0411748,-47.7476682
SERTÃOZINHO,-21.1375782,-47.9913741
ITABERÁ,-23.8621345,-49.1398926
PALOTINA,-24.2839929,-53.8405463
JUSCIMEIRA,-16.0517819,-54.8893514
LOUVEIRA,-23.08639,-46.95056
JALES,-20.2671767,-50.5492435
AGUAÍ,-22.0592036,-46.979384
PLANALTO DA SERRA,-14.6627994,-54.7756232
SÃO VICENTE DO SUL,-29.7220148,-54.64257794648333
MIRACATU,-24.2839078,-47.4535128
SIRINHAÉM,-8.591935,-35.1155161
TAIPU,-5.6228594,-35.5991764
JAGUARÃO,-32.5662724,-53.3765705
GUARDA-MOR,-17.7698233,-47.0986827
GUARANÉSIA,-21.3024827,-46.7956962
MIRASSOL,-20.8141411,-49.507449
CEARÁ-MIRIM,-5.633588,-35.4248407
TRAJANO DE MORAES,-22.0637911,-42.0644414
ITAPIPOCA,-3.499329,-39.583571
GUARANI,-21.35876,-43.0481021
JARDIM,-21.479941,-56.148902
CATAS ALTAS,-20.0748989,-43.4078304
VERA CRUZ,-22.2212638,-49.8243021
SANTA RITA DE CÁSSIA,-11.0013969,-44.5209684
CASA BRANCA,-21.7743137,-47.0852175
LAVÍNIA,-21.1665477,-51.0410539
COLINAS DO TOCANTINS,-8.0612688,-48.4716768
MARIÁPOLIS,-21.7966708,-51.1831475
PACAEMBU,-21.566243,-51.2633114
SÃO JOSÉ DOS AUSENTES,-28.747731,-50.0645582
SANTA ISABEL DO IVAÍ,-23.0013818,-53.1940876
CAMPO BELO,-20.8975,-45.277223
TUMIRITINGA,-18.976946,-41.645851
CONSELHEIRO LAFAIETE,-20.6596107,-43.785743
IBATÉ,-21.9554092,-47.9989614
CHAPADA DOS GUIMARÃES,-15.464343,-55.749857
PORTEL,-1.9387118,-50.8240402
MAUÁ DA SERRA,-23.9045517,-51.2261166
SIQUEIRA CAMPOS,-23.687481,-49.830416
CANOAS,-29.9216045,-51.1799525
ASSIS CHATEAUBRIAND,-24.4054826,-53.5120468
ATALAIA DO NORTE,-4.3658547,-70.1908742
JABOATÃO DOS GUARARAPES,-8.1752476,-34.9468716
SANTO ANTÔNIO DE GOIÁS,-16.4861723,-49.3093885
TERRA ROXA,-20.787015,-48.331442
VIÇOSA,-20.7538586,-42.8815888
ROCHEDO,-19.956488,-54.884769
PACARAIMA,4.4787884,-61.1389799
CABECEIRA GRANDE,-16.0297,-47.0906
IBATEGUARA,-8.9737196,-35.9279963
AFONSO CLÁUDIO,-20.0744817,-41.1251335
VARGEM BONITA,-20.3282116,-46.3668419
CAMBARÁ,-23.042273,-50.075281
SERRA,-20.1252961,-40.3064477
CONFRESA,-10.643695,-51.569873
PINDORAMA,-10.3333333,-53.2
PIRAÍ DO SUL,-24.5346602,-49.9399216
ASSUNÇÃO DO PIAUÍ,-5.8608718,-41.0492387
CARAPICUÍBA,-23.5234673,-46.8406808
GUARACIABA DO NORTE,-4.1632924,-40.7495985
ARAGUARI,-18.6511256,-48.1933764
CAIAPÔNIA,-16.9538779,-51.8090761
PRINCESA ISABEL,-7.736898,-37.9921335
MAUÉS,-3.3795798,-57.7196072
CHAVES,-0.164154,-49.987006
BUENO BRANDÃO,-22.441421,-46.3475825
MOGI GUAÇU,-22.372222,-46.9425
TAPIRA,-23.323146,-53.0712033
GOIOERÊ,-24.1851885,-53.0250623
CAMPINAS DO PIAUÍ,-7.6593687,-41.8814875
ALCÂNTARA,-2.4084996,-44.4174143
CONCEIÇÃO DA FEIRA,-12.5013001,-39.0002166
ITU,-23.2637798,-47.2998462
SANTA MÔNICA,-23.1085921,-53.1103971
BAIXA GRANDE DO RIBEIRO,-7.862861,-45.2113289
PRESIDENTE OLEGÁRIO,-18.415,-46.419723
TIRADENTES,-21.1104688,-44.1742937
CORNÉLIO PROCÓPIO,-23.1825218,-50.6499263
LAGOA FORMOSA,-18.7741896,-46.4082511
BERTIOGA,-23.848568,-46.139586
SÃO GABRIEL DA CACHOEIRA,-0.1249715,-67.0813855
BARCARENA,-1.5107945,-48.6190679
TERRA BOA,-23.768329,-52.447002
FLORESTA,-23.6144046,-52.0819003
MACARANI,-15.5610861,-40.4226078
CORREIA PINTO,-27.587688,-50.361448
BARRA DO RIBEIRO,-30.2930206,-51.301437
SANTANA DO PARAÍSO,-19.3652914,-42.5494833
PIRACURUCA,-3.9304804,-41.7150099
CIDADE GAÚCHA,-23.3816558,-52.9444098
RORAINÓPOLIS,0.9387308,-60.4236464
JUATUBA,-19.954001,-44.3407921
MARAU,-28.4493053,-52.2002156
GRAVATÁ,-8.1993049,-35.5631137
SENADOR JOSÉ PORFÍRIO,-2.5935424,-51.948209
BOQUIRA,-12.8184859,-42.7270883
PINHÃO,-25.6960895,-51.6566366
VERANÓPOLIS,-28.9351239,-51.5519175
FAMA,-21.4090398,-45.8322579
EIRUNEPÉ,-6.6567654,-69.866161
CAMPINA GRANDE,-7.2246743,-35.8771292
NAZARÉ PAULISTA,-23.1819309,-46.3992986
SÃO JOÃO DA BOA VISTA,-22.0135772,-48.849187
BOA VISTA DO TUPIM,-12.6605988,-40.6083594
CANDÓI,-25.5711951,-52.051107
GOIANIRA,-16.5001973,-49.4254788
LAURO DE FREITAS,-12.89242,-38.3127691
MARANGUAPE,-3.8922967,-38.6835427
PETROLINA DE GOIÁS,-16.1005783,-49.3359066
BOA VISTA DO RAMOS,-2.952575,-57.53153793940302
MANAQUIRI,-3.4305885,-60.4593078
OUROESTE,-20.0013584,-50.3736414
SCHROEDER,-26.411571,-49.074041
MAIRIPORÃ,-23.3190348,-46.5876377
BARRA DO PIRAÍ,-22.42426915,-43.893524444097466
ITABAIANA,-7.3299566,-35.3359995
JOÃO MONLEVADE,-19.809444,-43.173334
GUARIBA,-21.35938,-48.23158
JOSÉ BONIFÁCIO,-27.6350709,-52.2738654
ITAMARAJU,-17.0363103,-39.527994
DIADEMA,-23.6866428,-46.6246935
SÃO JOÃO DO POLÊSINE,-29.6156424,-53.4455412
CABEDELO,-6.97324,-34.8351609
BATATAIS,-20.892867,-47.592149
CAICÓ,-6.4594544,-37.0971911
MIRANORTE,-9.529068,-48.592222
VALENÇA,-13.3723582,-39.0694243
ALTO PARAGUAI,-14.513712,-56.4936374
TAQUARUSSU,-22.4870022,-53.3524041
SANTA RITA DO ARAGUAIA,-17.3269099,-53.2012361
POTIRENDABA,-21.0457369,-49.3767154
HUMBERTO DE CAMPOS,-2.598282,-43.464877
COTRIGUAÇU,-9.9034364,-58.5658915
CORGUINHO,-19.827429,-54.8322243
CAMPO BONITO,-25.0328004,-52.992976
NOVA RAMADA,-28.0820908,-53.7063919
BRAGANÇA,-1.0574255,-46.7635232
SILVÂNIA,-16.6599718,-48.608326
TURMALINA,-17.286102,-42.7312574
SANTA MARIA MADALENA,-21.9518563,-41.900024844029616
PARANAGUÁ,-25.5148822,-48.5226695
BARRA DO GARÇAS,-15.8916033,-52.2615413
BAIXO GUANDU,-19.5138322,-41.0182089
MATRIZ DE CAMARAGIBE,-9.154373,-35.524302
TERRA RICA,-22.7264874,-52.6202541
SÃO BERNARDO DO CAMPO,-22.3427465,-46.9431624
SANTA CRUZ DO RIO PARDO,-22.9060715,-49.6277378
JARINU,-23.0949649,-46.7148565
MUCUGÊ,-13.0053,-41.370271
FERNANDO DE NORONHA,-3.8545643,-32.37861623300567
NOVA PONTE,-19.1692213,-47.6717642
ROSÁRIO DO SUL,-30.2527151,-54.9179382
VENDA NOVA DO IMIGRANTE,-20.3325787,-41.1295842
PROMISSÃO,-21.5404913,-49.8574709
COTEGIPE,-12.0315387,-44.260401
SANTO ANTÔNIO DO ARACANGUÁ,-20.9354866,-50.4953504
SERRANO DO MARANHÃO,-1.8535718,-45.1158856
SÃO CAETANO DO SUL,-23.6195923,-46.5688323
MIGUELÓPOLIS,-20.179612,-48.030997
COSMÓPOLIS,-22.6437398,-47.1972086
BANANEIRAS,-6.7537682,-35.6338343
CABROBÓ,-8.5083701,-39.3106961
CACHOEIRO DE ITAPEMIRIM,-20.848084,-41.11129
SIMPLÍCIO MENDES,-7.860528,-41.9081183
IGUATEMI,-23.673555,-54.563731
JATAIZINHO,-23.257815,-50.977748
PARNAMIRIM,-5.9153334,-35.2679913
HERCULÂNDIA,-22.004508,-50.3862746
ÁGUAS INTERNACIONAIS,-27.12512365,-52.6853912295564
FONTE BOA,-2.5467059499999998,-66.915259025
MANICORÉ,-5.804618,-61.289483
PIRASSUNUNGA,-21.9980468,-47.4280861
CASTRO,-24.794072,-49.9972914
NOVA INDEPENDÊNCIA,-21.1066536,-51.4910804
ICÉM,-20.3413103,-49.1970982
BONITO,-11.9665473,-41.2649896
PIUM,-10.4421368,-49.1747741
CORUMBÁ DE GOIÁS,-15.9268355,-48.8074659
PALMEIRAS DE GOIÁS,-16.8102393,-49.9234165
LAJEADO NOVO,-6.1898777,-47.0325965
SÃO VICENTE FERRER,-2.8927449,-44.8803633
ENVIRA,-7.437889,-70.028143
ANAJÁS,-0.9878802,-49.9390114
PRESIDENTE VENCESLAU,-21.877116,-51.8451047
ALFREDO CHAVES,-28.9351239,-51.5519175
PRESIDENTE BERNARDES,-20.7685467,-43.1877237
GUARAMIRANGA,-4.2615779,-38.9340115
ORIZONA,-17.0333812,-48.2963748
FIGUEIRÃO,-18.67821,-53.6379864
ITAPIRAPUÃ,-15.8204999,-50.6094341
SANTA CRUZ DAS PALMEIRAS,-21.823475,-47.248023
JAÍBA,-15.3373744,-43.6734439
VITÓRIA BRASIL,-20.1978821,-50.4847947
PEREIRA BARRETO,-20.6378509,-51.1052172
SACRAMENTO,-19.8652854,-47.4402746
TIROS,-19.003889,-45.963611
PRADÓPOLIS,-21.3597815,-48.0746603
CHAPADA,-28.0587829,-53.0657459
GUARACI,-20.4976771,-48.9452074
LAGUNA,-28.4837443,-48.7816572
CERES,-15.3103568,-49.6032054
CÂNDIDO MOTA,-22.7434964,-50.38924
CARAGUATATUBA,-23.62028,-45.41306
